id,filename,label
1,1.jpg,5
2,2.jpg,8
3,3.jpg,7
4,4.jpg,4
5,5.jpg,0
6,6.jpg,8
7,7.jpg,9
8,8.jpg,8
9,9.jpg,5
10,10.jpg,4
11,11.jpg,1
12,12.jpg,0
13,13.jpg,8
14,14.jpg,6
15,15.jpg,1
16,16.jpg,6
17,17.jpg,6
18,18.jpg,4
19,19.jpg,7
20,20.jpg,5
21,21.jpg,1
22,22.jpg,3
23,23.jpg,2
24,24.jpg,7
25,25.jpg,1
26,26.jpg,6
27,27.jpg,7
28,28.jpg,6
29,29.jpg,1
30,30.jpg,9
31,31.jpg,6
32,32.jpg,6
33,33.jpg,4
34,34.jpg,9
35,35.jpg,1
36,36.jpg,3
37,37.jpg,4
38,38.jpg,6
39,39.jpg,8
40,40.jpg,5
41,41.jpg,9
42,42.jpg,6
43,43.jpg,2
44,44.jpg,8
45,45.jpg,0
46,46.jpg,4
47,47.jpg,7
48,48.jpg,9
49,49.jpg,3
50,50.jpg,8
51,51.jpg,5
52,52.jpg,7
53,53.jpg,8
54,54.jpg,1
55,55.jpg,2
56,56.jpg,7
57,57.jpg,7
58,58.jpg,2
59,59.jpg,0
60,60.jpg,3
61,61.jpg,6
62,62.jpg,3
63,63.jpg,3
64,64.jpg,7
65,65.jpg,2
66,66.jpg,8
67,67.jpg,6
68,68.jpg,1
69,69.jpg,1
70,70.jpg,0
71,71.jpg,9
72,72.jpg,2
73,73.jpg,5
74,74.jpg,1
75,75.jpg,2
76,76.jpg,5
77,77.jpg,2
78,78.jpg,7
79,79.jpg,7
80,80.jpg,2
81,81.jpg,3
82,82.jpg,9
83,83.jpg,1
84,84.jpg,6
85,85.jpg,1
86,86.jpg,3
87,87.jpg,2
88,88.jpg,4
89,89.jpg,8
90,90.jpg,0
91,91.jpg,2
92,92.jpg,4
93,93.jpg,3
94,94.jpg,1
95,95.jpg,7
96,96.jpg,4
97,97.jpg,5
98,98.jpg,0
99,99.jpg,6
100,100.jpg,3
101,101.jpg,8
102,102.jpg,0
103,103.jpg,8
104,104.jpg,3
105,105.jpg,2
106,106.jpg,7
107,107.jpg,1
108,108.jpg,2
109,109.jpg,2
110,110.jpg,9
111,111.jpg,0
112,112.jpg,8
113,113.jpg,8
114,114.jpg,6
115,115.jpg,9
116,116.jpg,7
117,117.jpg,5
118,118.jpg,2
119,119.jpg,4
120,120.jpg,0
121,121.jpg,8
122,122.jpg,8
123,123.jpg,4
124,124.jpg,8
125,125.jpg,9
126,126.jpg,7
127,127.jpg,6
128,128.jpg,3
129,129.jpg,4
130,130.jpg,8
131,131.jpg,9
132,132.jpg,7
133,133.jpg,1
134,134.jpg,1
135,135.jpg,2
136,136.jpg,9
137,137.jpg,3
138,138.jpg,1
139,139.jpg,3
140,140.jpg,3
141,141.jpg,5
142,142.jpg,3
143,143.jpg,0
144,144.jpg,9
145,145.jpg,6
146,146.jpg,0
147,147.jpg,2
148,148.jpg,6
149,149.jpg,8
150,150.jpg,0
151,151.jpg,7
152,152.jpg,1
153,153.jpg,0
154,154.jpg,6
155,155.jpg,2
156,156.jpg,9
157,157.jpg,7
158,158.jpg,4
159,159.jpg,5
160,160.jpg,1
161,161.jpg,8
162,162.jpg,1
163,163.jpg,9
164,164.jpg,3
165,165.jpg,4
166,166.jpg,2
167,167.jpg,8
168,168.jpg,9
169,169.jpg,3
170,170.jpg,3
171,171.jpg,8
172,172.jpg,6
173,173.jpg,8
174,174.jpg,2
175,175.jpg,4
176,176.jpg,4
177,177.jpg,7
178,178.jpg,5
179,179.jpg,2
180,180.jpg,7
181,181.jpg,8
182,182.jpg,4
183,183.jpg,0
184,184.jpg,4
185,185.jpg,4
186,186.jpg,0
187,187.jpg,6
188,188.jpg,0
189,189.jpg,6
190,190.jpg,7
191,191.jpg,7
192,192.jpg,5
193,193.jpg,5
194,194.jpg,3
195,195.jpg,3
196,196.jpg,2
197,197.jpg,2
198,198.jpg,8
199,199.jpg,2
200,200.jpg,8
201,201.jpg,2
202,202.jpg,3
203,203.jpg,6
204,204.jpg,3
205,205.jpg,7
206,206.jpg,8
207,207.jpg,0
208,208.jpg,7
209,209.jpg,5
210,210.jpg,1
211,211.jpg,8
212,212.jpg,4
213,213.jpg,6
214,214.jpg,8
215,215.jpg,1
216,216.jpg,8
217,217.jpg,6
218,218.jpg,6
219,219.jpg,4
220,220.jpg,0
221,221.jpg,4
222,222.jpg,0
223,223.jpg,7
224,224.jpg,6
225,225.jpg,4
226,226.jpg,9
227,227.jpg,8
228,228.jpg,0
229,229.jpg,6
230,230.jpg,8
231,231.jpg,6
232,232.jpg,6
233,233.jpg,5
234,234.jpg,8
235,235.jpg,6
236,236.jpg,3
237,237.jpg,1
238,238.jpg,0
239,239.jpg,5
240,240.jpg,3
241,241.jpg,8
242,242.jpg,0
243,243.jpg,0
244,244.jpg,2
245,245.jpg,0
246,246.jpg,7
247,247.jpg,5
248,248.jpg,1
249,249.jpg,5
250,250.jpg,1
251,251.jpg,2
252,252.jpg,7
253,253.jpg,8
254,254.jpg,9
255,255.jpg,0
256,256.jpg,8
257,257.jpg,1
258,258.jpg,2
259,259.jpg,9
260,260.jpg,0
261,261.jpg,2
262,262.jpg,3
263,263.jpg,7
264,264.jpg,2
265,265.jpg,5
266,266.jpg,6
267,267.jpg,2
268,268.jpg,1
269,269.jpg,7
270,270.jpg,6
271,271.jpg,6
272,272.jpg,3
273,273.jpg,7
274,274.jpg,2
275,275.jpg,2
276,276.jpg,0
277,277.jpg,6
278,278.jpg,7
279,279.jpg,5
280,280.jpg,9
281,281.jpg,6
282,282.jpg,2
283,283.jpg,7
284,284.jpg,7
285,285.jpg,3
286,286.jpg,8
287,287.jpg,8
288,288.jpg,6
289,289.jpg,1
290,290.jpg,0
291,291.jpg,7
292,292.jpg,1
293,293.jpg,0
294,294.jpg,0
295,295.jpg,5
296,296.jpg,4
297,297.jpg,4
298,298.jpg,9
299,299.jpg,6
300,300.jpg,6
301,301.jpg,3
302,302.jpg,9
303,303.jpg,2
304,304.jpg,2
305,305.jpg,1
306,306.jpg,2
307,307.jpg,6
308,308.jpg,4
309,309.jpg,4
310,310.jpg,1
311,311.jpg,8
312,312.jpg,1
313,313.jpg,2
314,314.jpg,2
315,315.jpg,5
316,316.jpg,3
317,317.jpg,4
318,318.jpg,1
319,319.jpg,7
320,320.jpg,2
321,321.jpg,2
322,322.jpg,4
323,323.jpg,4
324,324.jpg,4
325,325.jpg,6
326,326.jpg,1
327,327.jpg,8
328,328.jpg,3
329,329.jpg,7
330,330.jpg,5
331,331.jpg,4
332,332.jpg,4
333,333.jpg,2
334,334.jpg,0
335,335.jpg,4
336,336.jpg,2
337,337.jpg,0
338,338.jpg,0
339,339.jpg,7
340,340.jpg,4
341,341.jpg,3
342,342.jpg,1
343,343.jpg,5
344,344.jpg,5
345,345.jpg,7
346,346.jpg,7
347,347.jpg,5
348,348.jpg,9
349,349.jpg,5
350,350.jpg,5
351,351.jpg,1
352,352.jpg,6
353,353.jpg,7
354,354.jpg,1
355,355.jpg,6
356,356.jpg,8
357,357.jpg,3
358,358.jpg,2
359,359.jpg,7
360,360.jpg,7
361,361.jpg,3
362,362.jpg,2
363,363.jpg,6
364,364.jpg,9
365,365.jpg,7
366,366.jpg,1
367,367.jpg,0
368,368.jpg,2
369,369.jpg,8
370,370.jpg,0
371,371.jpg,6
372,372.jpg,1
373,373.jpg,5
374,374.jpg,5
375,375.jpg,8
376,376.jpg,1
377,377.jpg,0
378,378.jpg,3
379,379.jpg,0
380,380.jpg,3
381,381.jpg,7
382,382.jpg,6
383,383.jpg,5
384,384.jpg,1
385,385.jpg,2
386,386.jpg,7
387,387.jpg,0
388,388.jpg,6
389,389.jpg,4
390,390.jpg,8
391,391.jpg,7
392,392.jpg,8
393,393.jpg,4
394,394.jpg,1
395,395.jpg,0
396,396.jpg,5
397,397.jpg,9
398,398.jpg,8
399,399.jpg,6
400,400.jpg,0
401,401.jpg,1
402,402.jpg,7
403,403.jpg,6
404,404.jpg,7
405,405.jpg,1
406,406.jpg,5
407,407.jpg,4
408,408.jpg,3
409,409.jpg,8
410,410.jpg,2
411,411.jpg,3
412,412.jpg,4
413,413.jpg,5
414,414.jpg,3
415,415.jpg,5
416,416.jpg,8
417,417.jpg,8
418,418.jpg,1
419,419.jpg,3
420,420.jpg,4
421,421.jpg,0
422,422.jpg,2
423,423.jpg,7
424,424.jpg,7
425,425.jpg,0
426,426.jpg,4
427,427.jpg,4
428,428.jpg,6
429,429.jpg,0
430,430.jpg,4
431,431.jpg,1
432,432.jpg,2
433,433.jpg,7
434,434.jpg,5
435,435.jpg,4
436,436.jpg,5
437,437.jpg,2
438,438.jpg,9
439,439.jpg,0
440,440.jpg,5
441,441.jpg,4
442,442.jpg,3
443,443.jpg,4
444,444.jpg,6
445,445.jpg,2
446,446.jpg,5
447,447.jpg,7
448,448.jpg,1
449,449.jpg,6
450,450.jpg,7
451,451.jpg,2
452,452.jpg,3
453,453.jpg,8
454,454.jpg,6
455,455.jpg,9
456,456.jpg,8
457,457.jpg,5
458,458.jpg,7
459,459.jpg,9
460,460.jpg,9
461,461.jpg,1
462,462.jpg,6
463,463.jpg,6
464,464.jpg,2
465,465.jpg,5
466,466.jpg,3
467,467.jpg,8
468,468.jpg,8
469,469.jpg,0
470,470.jpg,3
471,471.jpg,2
472,472.jpg,4
473,473.jpg,2
474,474.jpg,9
475,475.jpg,1
476,476.jpg,1
477,477.jpg,6
478,478.jpg,9
479,479.jpg,1
480,480.jpg,0
481,481.jpg,8
482,482.jpg,9
483,483.jpg,4
484,484.jpg,7
485,485.jpg,2
486,486.jpg,3
487,487.jpg,8
488,488.jpg,0
489,489.jpg,9
490,490.jpg,0
491,491.jpg,1
492,492.jpg,5
493,493.jpg,0
494,494.jpg,4
495,495.jpg,1
496,496.jpg,9
497,497.jpg,0
498,498.jpg,0
499,499.jpg,3
500,500.jpg,3
501,501.jpg,3
502,502.jpg,6
503,503.jpg,1
504,504.jpg,1
505,505.jpg,1
506,506.jpg,9
507,507.jpg,5
508,508.jpg,5
509,509.jpg,5
510,510.jpg,2
511,511.jpg,2
512,512.jpg,3
513,513.jpg,4
514,514.jpg,4
515,515.jpg,4
516,516.jpg,9
517,517.jpg,8
518,518.jpg,6
519,519.jpg,5
520,520.jpg,6
521,521.jpg,4
522,522.jpg,8
523,523.jpg,2
524,524.jpg,7
525,525.jpg,6
526,526.jpg,4
527,527.jpg,5
528,528.jpg,6
529,529.jpg,8
530,530.jpg,1
531,531.jpg,6
532,532.jpg,3
533,533.jpg,2
534,534.jpg,5
535,535.jpg,2
536,536.jpg,6
537,537.jpg,0
538,538.jpg,0
539,539.jpg,7
540,540.jpg,6
541,541.jpg,2
542,542.jpg,9
543,543.jpg,6
544,544.jpg,8
545,545.jpg,8
546,546.jpg,7
547,547.jpg,6
548,548.jpg,9
549,549.jpg,5
550,550.jpg,2
551,551.jpg,1
552,552.jpg,4
553,553.jpg,6
554,554.jpg,3
555,555.jpg,2
556,556.jpg,7
557,557.jpg,4
558,558.jpg,3
559,559.jpg,6
560,560.jpg,8
561,561.jpg,6
562,562.jpg,2
563,563.jpg,3
564,564.jpg,0
565,565.jpg,9
566,566.jpg,4
567,567.jpg,3
568,568.jpg,6
569,569.jpg,7
570,570.jpg,7
571,571.jpg,7
572,572.jpg,3
573,573.jpg,3
574,574.jpg,9
575,575.jpg,1
576,576.jpg,2
577,577.jpg,6
578,578.jpg,9
579,579.jpg,0
580,580.jpg,5
581,581.jpg,5
582,582.jpg,4
583,583.jpg,7
584,584.jpg,7
585,585.jpg,8
586,586.jpg,9
587,587.jpg,0
588,588.jpg,9
589,589.jpg,7
590,590.jpg,4
591,591.jpg,3
592,592.jpg,1
593,593.jpg,1
594,594.jpg,4
595,595.jpg,8
596,596.jpg,2
597,597.jpg,6
598,598.jpg,4
599,599.jpg,1
600,600.jpg,1
601,601.jpg,4
602,602.jpg,8
603,603.jpg,0
604,604.jpg,1
605,605.jpg,5
606,606.jpg,2
607,607.jpg,7
608,608.jpg,0
609,609.jpg,9
610,610.jpg,1
611,611.jpg,5
612,612.jpg,3
613,613.jpg,9
614,614.jpg,0
615,615.jpg,1
616,616.jpg,3
617,617.jpg,3
618,618.jpg,9
619,619.jpg,8
620,620.jpg,5
621,621.jpg,5
622,622.jpg,4
623,623.jpg,6
624,624.jpg,5
625,625.jpg,5
626,626.jpg,5
627,627.jpg,5
628,628.jpg,9
629,629.jpg,2
630,630.jpg,8
631,631.jpg,3
632,632.jpg,4
633,633.jpg,9
634,634.jpg,7
635,635.jpg,0
636,636.jpg,1
637,637.jpg,1
638,638.jpg,2
639,639.jpg,8
640,640.jpg,6
641,641.jpg,9
642,642.jpg,4
643,643.jpg,4
644,644.jpg,7
645,645.jpg,2
646,646.jpg,9
647,647.jpg,4
648,648.jpg,6
649,649.jpg,2
650,650.jpg,0
651,651.jpg,5
652,652.jpg,3
653,653.jpg,4
654,654.jpg,1
655,655.jpg,6
656,656.jpg,5
657,657.jpg,5
658,658.jpg,2
659,659.jpg,0
660,660.jpg,5
661,661.jpg,1
662,662.jpg,0
663,663.jpg,2
664,664.jpg,4
665,665.jpg,8
666,666.jpg,8
667,667.jpg,9
668,668.jpg,9
669,669.jpg,3
670,670.jpg,2
671,671.jpg,6
672,672.jpg,0
673,673.jpg,7
674,674.jpg,8
675,675.jpg,1
676,676.jpg,0
677,677.jpg,1
678,678.jpg,5
679,679.jpg,2
680,680.jpg,4
681,681.jpg,4
682,682.jpg,3
683,683.jpg,8
684,684.jpg,1
685,685.jpg,9
686,686.jpg,9
687,687.jpg,4
688,688.jpg,3
689,689.jpg,3
690,690.jpg,6
691,691.jpg,6
692,692.jpg,9
693,693.jpg,7
694,694.jpg,8
695,695.jpg,7
696,696.jpg,9
697,697.jpg,0
698,698.jpg,5
699,699.jpg,8
700,700.jpg,9
701,701.jpg,4
702,702.jpg,6
703,703.jpg,7
704,704.jpg,2
705,705.jpg,5
706,706.jpg,2
707,707.jpg,9
708,708.jpg,6
709,709.jpg,5
710,710.jpg,8
711,711.jpg,8
712,712.jpg,5
713,713.jpg,3
714,714.jpg,6
715,715.jpg,6
716,716.jpg,6
717,717.jpg,0
718,718.jpg,4
719,719.jpg,6
720,720.jpg,6
721,721.jpg,4
722,722.jpg,3
723,723.jpg,7
724,724.jpg,5
725,725.jpg,3
726,726.jpg,9
727,727.jpg,9
728,728.jpg,0
729,729.jpg,6
730,730.jpg,9
731,731.jpg,9
732,732.jpg,3
733,733.jpg,0
734,734.jpg,9
735,735.jpg,8
736,736.jpg,7
737,737.jpg,9
738,738.jpg,9
739,739.jpg,9
740,740.jpg,1
741,741.jpg,0
742,742.jpg,6
743,743.jpg,3
744,744.jpg,0
745,745.jpg,0
746,746.jpg,7
747,747.jpg,3
748,748.jpg,1
749,749.jpg,7
750,750.jpg,2
751,751.jpg,7
752,752.jpg,3
753,753.jpg,0
754,754.jpg,4
755,755.jpg,9
756,756.jpg,0
757,757.jpg,8
758,758.jpg,2
759,759.jpg,8
760,760.jpg,8
761,761.jpg,8
762,762.jpg,4
763,763.jpg,0
764,764.jpg,6
765,765.jpg,6
766,766.jpg,4
767,767.jpg,7
768,768.jpg,4
769,769.jpg,3
770,770.jpg,2
771,771.jpg,1
772,772.jpg,0
773,773.jpg,7
774,774.jpg,6
775,775.jpg,5
776,776.jpg,4
777,777.jpg,7
778,778.jpg,7
779,779.jpg,7
780,780.jpg,8
781,781.jpg,6
782,782.jpg,8
783,783.jpg,2
784,784.jpg,7
785,785.jpg,2
786,786.jpg,8
787,787.jpg,0
788,788.jpg,1
789,789.jpg,0
790,790.jpg,7
791,791.jpg,7
792,792.jpg,6
793,793.jpg,8
794,794.jpg,5
795,795.jpg,8
796,796.jpg,4
797,797.jpg,4
798,798.jpg,1
799,799.jpg,2
800,800.jpg,9
801,801.jpg,1
802,802.jpg,8
803,803.jpg,2
804,804.jpg,4
805,805.jpg,6
806,806.jpg,6
807,807.jpg,5
808,808.jpg,9
809,809.jpg,5
810,810.jpg,9
811,811.jpg,8
812,812.jpg,1
813,813.jpg,7
814,814.jpg,1
815,815.jpg,6
816,816.jpg,9
817,817.jpg,9
818,818.jpg,0
819,819.jpg,3
820,820.jpg,0
821,821.jpg,7
822,822.jpg,3
823,823.jpg,2
824,824.jpg,3
825,825.jpg,2
826,826.jpg,0
827,827.jpg,1
828,828.jpg,1
829,829.jpg,8
830,830.jpg,9
831,831.jpg,6
832,832.jpg,3
833,833.jpg,1
834,834.jpg,7
835,835.jpg,9
836,836.jpg,0
837,837.jpg,2
838,838.jpg,5
839,839.jpg,3
840,840.jpg,4
841,841.jpg,8
842,842.jpg,7
843,843.jpg,8
844,844.jpg,4
845,845.jpg,1
846,846.jpg,9
847,847.jpg,6
848,848.jpg,2
849,849.jpg,5
850,850.jpg,3
851,851.jpg,8
852,852.jpg,0
853,853.jpg,3
854,854.jpg,5
855,855.jpg,3
856,856.jpg,8
857,857.jpg,9
858,858.jpg,7
859,859.jpg,4
860,860.jpg,2
861,861.jpg,4
862,862.jpg,0
863,863.jpg,5
864,864.jpg,0
865,865.jpg,0
866,866.jpg,4
867,867.jpg,2
868,868.jpg,0
869,869.jpg,5
870,870.jpg,4
871,871.jpg,2
872,872.jpg,5
873,873.jpg,2
874,874.jpg,7
875,875.jpg,9
876,876.jpg,3
877,877.jpg,7
878,878.jpg,6
879,879.jpg,3
880,880.jpg,7
881,881.jpg,2
882,882.jpg,6
883,883.jpg,1
884,884.jpg,0
885,885.jpg,4
886,886.jpg,7
887,887.jpg,0
888,888.jpg,0
889,889.jpg,4
890,890.jpg,5
891,891.jpg,3
892,892.jpg,0
893,893.jpg,9
894,894.jpg,8
895,895.jpg,4
896,896.jpg,8
897,897.jpg,2
898,898.jpg,4
899,899.jpg,6
900,900.jpg,8
901,901.jpg,3
902,902.jpg,3
903,903.jpg,2
904,904.jpg,9
905,905.jpg,9
906,906.jpg,3
907,907.jpg,9
908,908.jpg,2
909,909.jpg,4
910,910.jpg,5
911,911.jpg,0
912,912.jpg,2
913,913.jpg,9
914,914.jpg,7
915,915.jpg,3
916,916.jpg,0
917,917.jpg,7
918,918.jpg,4
919,919.jpg,5
920,920.jpg,9
921,921.jpg,0
922,922.jpg,3
923,923.jpg,8
924,924.jpg,1
925,925.jpg,6
926,926.jpg,8
927,927.jpg,5
928,928.jpg,1
929,929.jpg,0
930,930.jpg,9
931,931.jpg,1
932,932.jpg,2
933,933.jpg,9
934,934.jpg,9
935,935.jpg,4
936,936.jpg,6
937,937.jpg,5
938,938.jpg,0
939,939.jpg,3
940,940.jpg,0
941,941.jpg,9
942,942.jpg,0
943,943.jpg,1
944,944.jpg,6
945,945.jpg,9
946,946.jpg,9
947,947.jpg,5
948,948.jpg,8
949,949.jpg,8
950,950.jpg,7
951,951.jpg,0
952,952.jpg,8
953,953.jpg,4
954,954.jpg,1
955,955.jpg,8
956,956.jpg,5
957,957.jpg,7
958,958.jpg,2
959,959.jpg,5
960,960.jpg,5
961,961.jpg,7
962,962.jpg,6
963,963.jpg,6
964,964.jpg,2
965,965.jpg,5
966,966.jpg,4
967,967.jpg,1
968,968.jpg,5
969,969.jpg,2
970,970.jpg,1
971,971.jpg,7
972,972.jpg,8
973,973.jpg,1
974,974.jpg,5
975,975.jpg,5
976,976.jpg,4
977,977.jpg,6
978,978.jpg,2
979,979.jpg,8
980,980.jpg,1
981,981.jpg,7
982,982.jpg,0
983,983.jpg,9
984,984.jpg,1
985,985.jpg,1
986,986.jpg,7
987,987.jpg,6
988,988.jpg,4
989,989.jpg,3
990,990.jpg,3
991,991.jpg,5
992,992.jpg,1
993,993.jpg,0
994,994.jpg,7
995,995.jpg,6
996,996.jpg,4
997,997.jpg,9
998,998.jpg,3
999,999.jpg,6
1000,1000.jpg,9
1001,1001.jpg,0
1002,1002.jpg,9
1003,1003.jpg,9
1004,1004.jpg,5
1005,1005.jpg,2
1006,1006.jpg,0
1007,1007.jpg,3
1008,1008.jpg,3
1009,1009.jpg,8
1010,1010.jpg,9
1011,1011.jpg,3
1012,1012.jpg,7
1013,1013.jpg,2
1014,1014.jpg,9
1015,1015.jpg,3
1016,1016.jpg,6
1017,1017.jpg,2
1018,1018.jpg,5
1019,1019.jpg,5
1020,1020.jpg,9
1021,1021.jpg,1
1022,1022.jpg,0
1023,1023.jpg,0
1024,1024.jpg,3
1025,1025.jpg,3
1026,1026.jpg,4
1027,1027.jpg,9
1028,1028.jpg,5
1029,1029.jpg,6
1030,1030.jpg,5
1031,1031.jpg,7
1032,1032.jpg,8
1033,1033.jpg,7
1034,1034.jpg,4
1035,1035.jpg,6
1036,1036.jpg,7
1037,1037.jpg,9
1038,1038.jpg,0
1039,1039.jpg,5
1040,1040.jpg,4
1041,1041.jpg,0
1042,1042.jpg,0
1043,1043.jpg,6
1044,1044.jpg,4
1045,1045.jpg,9
1046,1046.jpg,0
1047,1047.jpg,1
1048,1048.jpg,4
1049,1049.jpg,9
1050,1050.jpg,1
1051,1051.jpg,9
1052,1052.jpg,7
1053,1053.jpg,9
1054,1054.jpg,2
1055,1055.jpg,4
1056,1056.jpg,5
1057,1057.jpg,9
1058,1058.jpg,0
1059,1059.jpg,9
1060,1060.jpg,0
1061,1061.jpg,3
1062,1062.jpg,8
1063,1063.jpg,7
1064,1064.jpg,4
1065,1065.jpg,6
1066,1066.jpg,1
1067,1067.jpg,9
1068,1068.jpg,0
1069,1069.jpg,6
1070,1070.jpg,2
1071,1071.jpg,3
1072,1072.jpg,9
1073,1073.jpg,6
1074,1074.jpg,9
1075,1075.jpg,2
1076,1076.jpg,7
1077,1077.jpg,4
1078,1078.jpg,0
1079,1079.jpg,8
1080,1080.jpg,1
1081,1081.jpg,9
1082,1082.jpg,1
1083,1083.jpg,0
1084,1084.jpg,0
1085,1085.jpg,8
1086,1086.jpg,5
1087,1087.jpg,1
1088,1088.jpg,4
1089,1089.jpg,4
1090,1090.jpg,9
1091,1091.jpg,6
1092,1092.jpg,1
1093,1093.jpg,1
1094,1094.jpg,1
1095,1095.jpg,9
1096,1096.jpg,5
1097,1097.jpg,9
1098,1098.jpg,6
1099,1099.jpg,1
1100,1100.jpg,5
1101,1101.jpg,1
1102,1102.jpg,4
1103,1103.jpg,2
1104,1104.jpg,2
1105,1105.jpg,1
1106,1106.jpg,4
1107,1107.jpg,3
1108,1108.jpg,9
1109,1109.jpg,2
1110,1110.jpg,5
1111,1111.jpg,8
1112,1112.jpg,5
1113,1113.jpg,9
1114,1114.jpg,5
1115,1115.jpg,3
1116,1116.jpg,1
1117,1117.jpg,7
1118,1118.jpg,3
1119,1119.jpg,8
1120,1120.jpg,3
1121,1121.jpg,4
1122,1122.jpg,3
1123,1123.jpg,3
1124,1124.jpg,7
1125,1125.jpg,5
1126,1126.jpg,9
1127,1127.jpg,6
1128,1128.jpg,5
1129,1129.jpg,0
1130,1130.jpg,9
1131,1131.jpg,8
1132,1132.jpg,6
1133,1133.jpg,4
1134,1134.jpg,0
1135,1135.jpg,9
1136,1136.jpg,6
1137,1137.jpg,0
1138,1138.jpg,2
1139,1139.jpg,2
1140,1140.jpg,3
1141,1141.jpg,7
1142,1142.jpg,5
1143,1143.jpg,6
1144,1144.jpg,7
1145,1145.jpg,8
1146,1146.jpg,4
1147,1147.jpg,4
1148,1148.jpg,7
1149,1149.jpg,2
1150,1150.jpg,9
1151,1151.jpg,0
1152,1152.jpg,2
1153,1153.jpg,0
1154,1154.jpg,9
1155,1155.jpg,3
1156,1156.jpg,2
1157,1157.jpg,3
1158,1158.jpg,7
1159,1159.jpg,3
1160,1160.jpg,9
1161,1161.jpg,4
1162,1162.jpg,7
1163,1163.jpg,1
1164,1164.jpg,2
1165,1165.jpg,3
1166,1166.jpg,3
1167,1167.jpg,1
1168,1168.jpg,5
1169,1169.jpg,4
1170,1170.jpg,8
1171,1171.jpg,6
1172,1172.jpg,6
1173,1173.jpg,6
1174,1174.jpg,8
1175,1175.jpg,4
1176,1176.jpg,5
1177,1177.jpg,4
1178,1178.jpg,0
1179,1179.jpg,6
1180,1180.jpg,5
1181,1181.jpg,1
1182,1182.jpg,9
1183,1183.jpg,2
1184,1184.jpg,5
1185,1185.jpg,4
1186,1186.jpg,8
1187,1187.jpg,6
1188,1188.jpg,5
1189,1189.jpg,2
1190,1190.jpg,1
1191,1191.jpg,4
1192,1192.jpg,8
1193,1193.jpg,8
1194,1194.jpg,1
1195,1195.jpg,0
1196,1196.jpg,7
1197,1197.jpg,8
1198,1198.jpg,9
1199,1199.jpg,9
1200,1200.jpg,8
1201,1201.jpg,8
1202,1202.jpg,4
1203,1203.jpg,3
1204,1204.jpg,2
1205,1205.jpg,4
1206,1206.jpg,4
1207,1207.jpg,8
1208,1208.jpg,1
1209,1209.jpg,5
1210,1210.jpg,1
1211,1211.jpg,0
1212,1212.jpg,8
1213,1213.jpg,7
1214,1214.jpg,5
1215,1215.jpg,2
1216,1216.jpg,4
1217,1217.jpg,3
1218,1218.jpg,3
1219,1219.jpg,8
1220,1220.jpg,6
1221,1221.jpg,5
1222,1222.jpg,9
1223,1223.jpg,4
1224,1224.jpg,6
1225,1225.jpg,7
1226,1226.jpg,9
1227,1227.jpg,6
1228,1228.jpg,9
1229,1229.jpg,8
1230,1230.jpg,9
1231,1231.jpg,8
1232,1232.jpg,2
1233,1233.jpg,2
1234,1234.jpg,2
1235,1235.jpg,5
1236,1236.jpg,6
1237,1237.jpg,6
1238,1238.jpg,1
1239,1239.jpg,6
1240,1240.jpg,9
1241,1241.jpg,2
1242,1242.jpg,4
1243,1243.jpg,7
1244,1244.jpg,1
1245,1245.jpg,9
1246,1246.jpg,9
1247,1247.jpg,5
1248,1248.jpg,1
1249,1249.jpg,0
1250,1250.jpg,5
1251,1251.jpg,5
1252,1252.jpg,2
1253,1253.jpg,3
1254,1254.jpg,5
1255,1255.jpg,7
1256,1256.jpg,2
1257,1257.jpg,4
1258,1258.jpg,3
1259,1259.jpg,8
1260,1260.jpg,5
1261,1261.jpg,9
1262,1262.jpg,8
1263,1263.jpg,9
1264,1264.jpg,7
1265,1265.jpg,4
1266,1266.jpg,5
1267,1267.jpg,2
1268,1268.jpg,4
1269,1269.jpg,3
1270,1270.jpg,7
1271,1271.jpg,1
1272,1272.jpg,0
1273,1273.jpg,1
1274,1274.jpg,2
1275,1275.jpg,5
1276,1276.jpg,0
1277,1277.jpg,6
1278,1278.jpg,9
1279,1279.jpg,6
1280,1280.jpg,6
1281,1281.jpg,0
1282,1282.jpg,3
1283,1283.jpg,6
1284,1284.jpg,5
1285,1285.jpg,2
1286,1286.jpg,3
1287,1287.jpg,6
1288,1288.jpg,3
1289,1289.jpg,3
1290,1290.jpg,3
1291,1291.jpg,9
1292,1292.jpg,8
1293,1293.jpg,4
1294,1294.jpg,0
1295,1295.jpg,9
1296,1296.jpg,7
1297,1297.jpg,4
1298,1298.jpg,7
1299,1299.jpg,7
1300,1300.jpg,3
1301,1301.jpg,3
1302,1302.jpg,3
1303,1303.jpg,9
1304,1304.jpg,3
1305,1305.jpg,1
1306,1306.jpg,8
1307,1307.jpg,6
1308,1308.jpg,3
1309,1309.jpg,7
1310,1310.jpg,2
1311,1311.jpg,1
1312,1312.jpg,3
1313,1313.jpg,1
1314,1314.jpg,2
1315,1315.jpg,5
1316,1316.jpg,1
1317,1317.jpg,7
1318,1318.jpg,9
1319,1319.jpg,1
1320,1320.jpg,4
1321,1321.jpg,6
1322,1322.jpg,3
1323,1323.jpg,7
1324,1324.jpg,5
1325,1325.jpg,6
1326,1326.jpg,6
1327,1327.jpg,5
1328,1328.jpg,7
1329,1329.jpg,2
1330,1330.jpg,8
1331,1331.jpg,2
1332,1332.jpg,8
1333,1333.jpg,7
1334,1334.jpg,6
1335,1335.jpg,4
1336,1336.jpg,8
1337,1337.jpg,3
1338,1338.jpg,1
1339,1339.jpg,5
1340,1340.jpg,1
1341,1341.jpg,0
1342,1342.jpg,8
1343,1343.jpg,1
1344,1344.jpg,6
1345,1345.jpg,4
1346,1346.jpg,1
1347,1347.jpg,0
1348,1348.jpg,6
1349,1349.jpg,2
1350,1350.jpg,4
1351,1351.jpg,1
1352,1352.jpg,4
1353,1353.jpg,0
1354,1354.jpg,3
1355,1355.jpg,1
1356,1356.jpg,6
1357,1357.jpg,8
1358,1358.jpg,4
1359,1359.jpg,4
1360,1360.jpg,7
1361,1361.jpg,6
1362,1362.jpg,1
1363,1363.jpg,3
1364,1364.jpg,1
1365,1365.jpg,8
1366,1366.jpg,9
1367,1367.jpg,9
1368,1368.jpg,8
1369,1369.jpg,1
1370,1370.jpg,8
1371,1371.jpg,5
1372,1372.jpg,7
1373,1373.jpg,7
1374,1374.jpg,3
1375,1375.jpg,3
1376,1376.jpg,4
1377,1377.jpg,5
1378,1378.jpg,9
1379,1379.jpg,2
1380,1380.jpg,8
1381,1381.jpg,2
1382,1382.jpg,9
1383,1383.jpg,2
1384,1384.jpg,0
1385,1385.jpg,5
1386,1386.jpg,3
1387,1387.jpg,4
1388,1388.jpg,6
1389,1389.jpg,3
1390,1390.jpg,8
1391,1391.jpg,9
1392,1392.jpg,3
1393,1393.jpg,2
1394,1394.jpg,3
1395,1395.jpg,9
1396,1396.jpg,6
1397,1397.jpg,9
1398,1398.jpg,9
1399,1399.jpg,5
1400,1400.jpg,4
1401,1401.jpg,2
1402,1402.jpg,5
1403,1403.jpg,8
1404,1404.jpg,4
1405,1405.jpg,7
1406,1406.jpg,4
1407,1407.jpg,1
1408,1408.jpg,8
1409,1409.jpg,9
1410,1410.jpg,7
1411,1411.jpg,9
1412,1412.jpg,0
1413,1413.jpg,1
1414,1414.jpg,2
1415,1415.jpg,9
1416,1416.jpg,5
1417,1417.jpg,5
1418,1418.jpg,3
1419,1419.jpg,3
1420,1420.jpg,6
1421,1421.jpg,3
1422,1422.jpg,9
1423,1423.jpg,7
1424,1424.jpg,1
1425,1425.jpg,0
1426,1426.jpg,3
1427,1427.jpg,7
1428,1428.jpg,6
1429,1429.jpg,7
1430,1430.jpg,0
1431,1431.jpg,0
1432,1432.jpg,0
1433,1433.jpg,3
1434,1434.jpg,0
1435,1435.jpg,1
1436,1436.jpg,9
1437,1437.jpg,4
1438,1438.jpg,3
1439,1439.jpg,5
1440,1440.jpg,3
1441,1441.jpg,3
1442,1442.jpg,4
1443,1443.jpg,2
1444,1444.jpg,8
1445,1445.jpg,0
1446,1446.jpg,0
1447,1447.jpg,8
1448,1448.jpg,1
1449,1449.jpg,9
1450,1450.jpg,2
1451,1451.jpg,4
1452,1452.jpg,3
1453,1453.jpg,1
1454,1454.jpg,9
1455,1455.jpg,8
1456,1456.jpg,5
1457,1457.jpg,2
1458,1458.jpg,5
1459,1459.jpg,1
1460,1460.jpg,2
1461,1461.jpg,8
1462,1462.jpg,5
1463,1463.jpg,1
1464,1464.jpg,1
1465,1465.jpg,1
1466,1466.jpg,9
1467,1467.jpg,5
1468,1468.jpg,2
1469,1469.jpg,0
1470,1470.jpg,8
1471,1471.jpg,9
1472,1472.jpg,2
1473,1473.jpg,8
1474,1474.jpg,5
1475,1475.jpg,6
1476,1476.jpg,0
1477,1477.jpg,9
1478,1478.jpg,6
1479,1479.jpg,9
1480,1480.jpg,2
1481,1481.jpg,5
1482,1482.jpg,7
1483,1483.jpg,7
1484,1484.jpg,0
1485,1485.jpg,0
1486,1486.jpg,0
1487,1487.jpg,2
1488,1488.jpg,3
1489,1489.jpg,0
1490,1490.jpg,7
1491,1491.jpg,9
1492,1492.jpg,6
1493,1493.jpg,9
1494,1494.jpg,7
1495,1495.jpg,5
1496,1496.jpg,3
1497,1497.jpg,1
1498,1498.jpg,5
1499,1499.jpg,5
1500,1500.jpg,6
